Target PPM,RelativeHumidity
0.0,13.859823008849556
0.0,13.859823008849556
0.0,13.859823008849556
0.0,13.859823008849556
0.0,13.859823008849556
0.0,13.859823008849556
0.0,13.859823008849556
0.0,13.859823008849556
0.0,13.859823008849556
0.0,13.859823008849556
0.0,13.859823008849556
0.0,13.859823008849556
0.0,13.859823008849556
0.0,13.859823008849556
0.0,13.859823008849556
0.0,13.859823008849556
0.0,14.253362831858409
0.0,14.253362831858409
0.0,14.253362831858409
0.0,14.253362831858409
0.0,14.253362831858409
0.0,14.253362831858409
0.0,14.253362831858409
0.0,14.253362831858409
0.0,14.253362831858409
0.0,14.253362831858409
0.0,14.253362831858409
0.0,14.253362831858409
0.0,14.253362831858409
0.0,14.253362831858409
0.0,14.253362831858409
0.0,14.253362831858409
0.0,14.433451327433628
0.0,14.433451327433628
0.0,14.433451327433628
0.0,14.433451327433628
0.0,14.433451327433628
0.0,14.433451327433628
0.0,14.433451327433628
0.0,14.433451327433628
0.0,14.433451327433628
0.0,14.433451327433628
0.0,14.433451327433628
0.0,14.433451327433628
0.0,14.433451327433628
0.0,14.433451327433628
0.0,14.433451327433628
0.0,14.433451327433628
0.0,28.897699115044247
0.0,28.897699115044247
0.0,28.897699115044247
0.0,28.897699115044247
0.0,28.897699115044247
0.0,28.897699115044247
0.0,28.897699115044247
0.0,28.897699115044247
0.0,28.897699115044247
0.0,28.897699115044247
0.0,28.897699115044247
0.0,28.897699115044247
0.0,28.897699115044247
0.0,28.897699115044247
0.0,28.897699115044247
0.0,28.897699115044247
0.0,29.596194690265484
0.0,29.596194690265484
0.0,29.596194690265484
0.0,29.596194690265484
0.0,29.596194690265484
0.0,29.596194690265484
0.0,29.596194690265484
0.0,29.596194690265484
0.0,29.596194690265484
0.0,29.596194690265484
0.0,29.596194690265484
0.0,29.596194690265484
0.0,29.596194690265484
0.0,29.596194690265484
0.0,29.596194690265484
0.0,32.00725663716814
0.0,32.00725663716814
0.0,32.00725663716814
0.0,32.00725663716814
0.0,32.00725663716814
0.0,32.00725663716814
0.0,32.00725663716814
0.0,32.00725663716814
0.0,32.00725663716814
0.0,32.00725663716814
0.0,32.00725663716814
0.0,32.00725663716814
0.0,32.00725663716814
0.0,32.00725663716814
0.0,32.00725663716814
0.0,32.00725663716814
0.0,32.217079646017694
0.0,32.217079646017694
0.0,32.217079646017694
0.0,32.217079646017694
0.0,32.217079646017694
0.0,32.217079646017694
0.0,32.217079646017694
0.0,32.217079646017694
0.0,32.217079646017694
0.0,32.217079646017694
0.0,32.217079646017694
0.0,32.217079646017694
0.0,32.217079646017694
0.0,32.217079646017694
0.0,32.217079646017694
0.0,32.217079646017694
0.0,43.595530973451325
0.0,43.595530973451325
0.0,43.595530973451325
0.0,43.595530973451325
0.0,43.595530973451325
0.0,43.595530973451325
0.0,43.595530973451325
0.0,43.595530973451325
0.0,43.595530973451325
0.0,43.595530973451325
0.0,43.595530973451325
0.0,43.595530973451325
0.0,43.595530973451325
0.0,43.595530973451325
0.0,43.595530973451325
0.0,43.595530973451325
0.0,45.221902654867264
0.0,45.221902654867264
0.0,45.221902654867264
0.0,45.221902654867264
0.0,46.77575221238938
0.0,46.77575221238938
0.0,46.77575221238938
0.0,46.77575221238938
0.0,46.77575221238938
0.0,46.77575221238938
0.0,46.77575221238938
0.0,46.77575221238938
0.0,46.77575221238938
0.0,46.77575221238938
0.0,46.77575221238938
0.0,46.77575221238938
0.0,46.77575221238938
0.0,46.77575221238938
0.0,46.77575221238938
0.0,46.77575221238938
0.0,57.70597345132744
0.0,57.70597345132744
0.0,57.70597345132744
0.0,57.70597345132744
0.0,57.70597345132744
0.0,57.70597345132744
0.0,57.70597345132744
0.0,57.70597345132744
0.0,57.70597345132744
0.0,57.70597345132744
0.0,57.70597345132744
0.0,57.70597345132744
0.0,57.70597345132744
0.0,57.70597345132744
0.0,57.70597345132744
0.0,57.70597345132744
0.0,59.19053097345133
0.0,59.19053097345133
0.0,59.19053097345133
0.0,59.19053097345133
0.0,59.19053097345133
0.0,59.19053097345133
0.0,59.19053097345133
0.0,59.19053097345133
0.0,59.19053097345133
0.0,59.19053097345133
0.0,59.19053097345133
0.0,59.19053097345133
0.0,59.19053097345133
0.0,59.19053097345133
0.0,59.19053097345133
0.0,59.19053097345133
0.0,61.87641592920354
0.0,61.87641592920354
0.0,61.87641592920354
