BaseNum,Run,Test_RMSE,Test_Accuracy
1,1,14.319342613220215,0.3073394000530243
1,2,18.447317123413086,-0.13338279724121094
1,3,18.640230178833008,-0.15695638954639435
1,4,10.585448265075684,0.6163946986198425
1,5,16.720659255981445,0.0691584125161171
1,6,6.115598201751709,0.8668397068977356
1,7,18.640230178833008,-0.15695638954639435
1,8,15.121670722961426,0.2373417615890503
1,9,16.096895217895508,0.12383093684911728
1,10,8.847198486328125,0.7100651860237122
1,11,10.514735221862793,0.6202777028083801
1,12,13.731627464294434,0.36146438121795654
1,13,12.679322242736816,0.43137407302856445
1,14,16.082321166992188,0.12349244207143784
1,15,12.781609535217285,0.4549421966075897
1,16,14.958011627197266,0.2200494408607483
1,17,18.640230178833008,-0.15695638954639435
1,18,14.840481758117676,0.24357549846172333
1,19,18.640230178833008,-0.15695638954639435
1,20,13.422642707824707,0.3986489772796631
1,21,6.3757758140563965,0.8553103804588318
1,22,14.893782615661621,0.2587383985519409
1,23,18.644271850585938,-0.15745937824249268
1,24,12.307251930236816,0.4939989149570465
1,25,15.973548889160156,0.1490136831998825
1,26,18.714073181152344,-0.16616415977478027
1,27,18.454092025756836,-0.13422353565692902
1,28,6.231339931488037,0.8613330721855164
1,29,18.640230178833008,-0.15695638954639435
1,30,9.677191734313965,0.6752169728279114
1,31,18.640230178833008,-0.15695638954639435
1,32,18.640230178833008,-0.15695638954639435
1,33,18.640230178833008,-0.15695638954639435
1,34,14.156848907470703,0.33183881640434265
1,35,18.693458557128906,-0.1635899543762207
1,36,18.640230178833008,-0.15695638954639435
1,37,10.607995986938477,0.6150946021080017
1,38,8.723275184631348,0.7177982330322266
1,39,18.640230178833008,-0.15695638954639435
1,40,15.6103515625,0.18777118623256683
1,41,18.645748138427734,-0.15764319896697998
1,42,18.640230178833008,-0.15695638954639435
1,43,18.640230178833008,-0.15695638954639435
1,44,10.297039031982422,0.6464501023292542
1,45,14.501935005187988,0.288349449634552
1,46,9.89697551727295,0.6669637560844421
1,47,18.64055633544922,-0.15699689090251923
1,48,18.640230178833008,-0.15695638954639435
1,49,18.640230178833008,-0.15695638954639435
1,50,11.360125541687012,0.5640317797660828
1,51,18.640230178833008,-0.15695638954639435
1,52,10.551848411560059,0.6182494759559631
1,53,18.640886306762695,-0.15703797340393066
1,54,16.556875228881836,0.08702167123556137
1,55,14.844447135925293,0.2539263665676117
1,56,10.527558326721191,0.6197604537010193
1,57,18.640230178833008,-0.15695638954639435
1,58,6.549051761627197,0.8512430787086487
1,59,17.800172805786133,-0.05540488287806511
1,60,9.895003318786621,0.6657705903053284
1,61,15.41751766204834,0.2037414163351059
1,62,16.846664428710938,0.05475326254963875
1,63,18.640363693237305,-0.15697288513183594
1,64,11.250701904296875,0.5036432147026062
1,65,18.640230178833008,-0.15695638954639435
1,66,18.501075744628906,-0.13966481387615204
1,67,18.640241622924805,-0.15695767104625702
1,68,18.640230178833008,-0.15695638954639435
1,69,18.64125633239746,-0.15708403289318085
1,70,14.597243309020996,0.26647886633872986
1,71,18.640230178833008,-0.15695638954639435
1,72,6.8050384521484375,0.8393262028694153
1,73,18.640230178833008,-0.15695638954639435
1,74,15.230034828186035,0.22431355714797974
1,75,16.343841552734375,0.10968083143234253
1,76,16.38334846496582,0.10447347164154053
1,77,17.248254776000977,0.009177942760288715
1,78,10.297093391418457,0.6344263553619385
1,79,8.65334415435791,0.7188546061515808
1,80,10.907095909118652,0.600334644317627
1,81,18.640289306640625,-0.15696363151073456
1,82,18.640230178833008,-0.15695638954639435
1,83,18.462207794189453,-0.1352149248123169
1,84,10.213753700256348,0.652269184589386
1,85,15.976595878601074,0.14344526827335358
1,86,18.640230178833008,-0.15695638954639435
1,87,15.57708740234375,0.18928921222686768
1,88,8.73414134979248,0.7160345911979675
1,89,18.640230178833008,-0.15695638954639435
1,90,6.9374918937683105,0.8349957466125488
1,91,10.52844524383545,0.6195321679115295
1,92,10.57938289642334,0.6186806559562683
1,93,10.535929679870605,0.6191261410713196
1,94,18.447227478027344,-0.1333698034286499
1,95,18.66990852355957,-0.16065271198749542
1,96,9.547900199890137,0.685086190700531
1,97,16.383216857910156,0.10563447326421738
1,98,16.996950149536133,0.038393259048461914
1,99,18.640230178833008,-0.15695638954639435
1,100,10.353692054748535,0.6425274014472961
2,1,18.640230178833008,-0.15695638954639435
2,2,4.774735927581787,0.9181404709815979
2,3,6.137808322906494,0.8727070689201355
2,4,16.345949172973633,0.10218489170074463
2,5,6.393517971038818,0.8555132746696472
2,6,7.833292007446289,0.7957896590232849
2,7,18.462852478027344,-0.13529622554779053
2,8,5.726718425750732,0.8829700350761414
2,9,5.700252056121826,0.8832456469535828
2,10,5.5914483070373535,0.8929703831672668
2,11,4.226176738739014,0.9361579418182373
2,12,9.144457817077637,0.7138721346855164
2,13,15.287333488464355,0.21594040095806122
2,14,5.007558345794678,0.9055132269859314
2,15,7.1283135414123535,0.8234436511993408
2,16,5.655633449554443,0.8742416501045227
2,17,11.120783805847168,0.5306359529495239
2,18,4.856875419616699,0.9207757115364075
2,19,6.592088222503662,0.8519502282142639
2,20,9.211170196533203,0.7100574374198914
2,21,5.658870697021484,0.8677099347114563
2,22,7.267986297607422,0.8117365837097168
2,23,6.238590240478516,0.8633057475090027
2,24,5.923759937286377,0.8645143508911133
2,25,3.2185208797454834,0.9647276401519775
2,26,3.9230575561523438,0.9425271153450012
2,27,5.649694919586182,0.8895900249481201
2,28,4.669622421264648,0.919689953327179
2,29,14.78811264038086,0.2618161141872406
2,30,4.881170272827148,0.9146620631217957
2,31,4.984368801116943,0.9053749442100525
2,32,11.405086517333984,0.5545669198036194
2,33,5.099123001098633,0.9041737914085388
2,34,14.571502685546875,0.283326119184494
2,35,4.682441234588623,0.9214732646942139
2,36,4.219499588012695,0.9332731366157532
2,37,9.654624938964844,0.6758248805999756
2,38,11.612055778503418,0.45325955748558044
2,39,6.334775924682617,0.8637080192565918
2,40,17.91053581237793,-0.06855931133031845
2,41,5.6972737312316895,0.8750607371330261
2,42,18.640478134155273,-0.15698707103729248
2,43,5.163360595703125,0.9065311551094055
2,44,14.362580299377441,0.308765172958374
2,45,3.7194983959198,0.9493520259857178
2,46,5.168403148651123,0.9065741896629333
2,47,6.6939263343811035,0.8438565135002136
2,48,5.1192145347595215,0.9087497591972351
2,49,6.943809986114502,0.8340892791748047
2,50,4.867699146270752,0.9111332893371582
2,51,4.266947269439697,0.9344210624694824
2,52,17.868947982788086,-0.06358595937490463
2,53,4.337928771972656,0.9298927783966064
2,54,10.396553993225098,0.6265310645103455
2,55,5.052745342254639,0.9113245010375977
2,56,6.380289554595947,0.8466923832893372
2,57,5.35027551651001,0.8984284996986389
2,58,13.66264820098877,0.3524523675441742
2,59,13.051403999328613,0.38182196021080017
2,60,4.482762813568115,0.9247248768806458
2,61,18.640230178833008,-0.15695638954639435
2,62,8.817070960998535,0.7400209903717041
2,63,8.868253707885742,0.6704020500183105
2,64,4.788752555847168,0.9196662902832031
2,65,4.339395999908447,0.9267864227294922
2,66,11.699406623840332,0.5084041953086853
2,67,4.917057514190674,0.9072226881980896
2,68,5.8472442626953125,0.8747904896736145
2,69,8.530914306640625,0.7364280819892883
2,70,9.945513725280762,0.6703603863716125
2,71,5.652097702026367,0.8872882723808289
2,72,13.462740898132324,0.34168073534965515
2,73,17.787500381469727,-0.05392302945256233
2,74,7.8068156242370605,0.7674162983894348
2,75,14.919570922851562,0.24213798344135284
2,76,5.40316915512085,0.8933708071708679
2,77,12.965919494628906,0.38386693596839905
2,78,18.253923416137695,-0.11075035482645035
2,79,6.0199198722839355,0.8786969184875488
2,80,18.448339462280273,-0.13351233303546906
2,81,18.651187896728516,-0.158320352435112
2,82,5.920350551605225,0.8723077774047852
2,83,4.804903984069824,0.910256564617157
2,84,10.071920394897461,0.6591277718544006
2,85,18.445419311523438,-0.1331530064344406
2,86,18.44333839416504,-0.1328972578048706
2,87,4.521122455596924,0.920677125453949
2,88,13.582554817199707,0.38034868240356445
2,89,8.815048217773438,0.7126619219779968
2,90,8.641371726989746,0.727506697177887
2,91,8.040423393249512,0.7650136947631836
2,92,4.938446521759033,0.9172895550727844
2,93,18.248159408569336,-0.10936614125967026
2,94,8.000889778137207,0.7850241661071777
2,95,4.856074810028076,0.9159230589866638
2,96,7.9706292152404785,0.7852188944816589
2,97,5.231021404266357,0.9038772583007812
2,98,4.309164524078369,0.9322068095207214
2,99,14.478354454040527,0.30105409026145935
2,100,7.157726287841797,0.820465624332428
3,1,4.19290018081665,0.93949955701828
3,2,3.6526641845703125,0.9494187235832214
3,3,4.273640155792236,0.9334065914154053
3,4,4.0243659019470215,0.9394096732139587
3,5,3.7024571895599365,0.9468287825584412
3,6,3.907078504562378,0.9413156509399414
3,7,4.066309928894043,0.9365244507789612
3,8,4.056973934173584,0.9348330497741699
3,9,3.921339750289917,0.9431366324424744
3,10,9.900872230529785,0.6391883492469788
3,11,13.320853233337402,0.39330387115478516
3,12,3.6176106929779053,0.9541545510292053
3,13,3.7656619548797607,0.9496785998344421
3,14,3.40099835395813,0.9565843939781189
3,15,4.592578411102295,0.9288250803947449
3,16,4.173681735992432,0.9363956451416016
3,17,14.760098457336426,0.2615825831890106
3,18,4.832726955413818,0.9151108860969543
3,19,12.515398979187012,0.47787365317344666
3,20,4.333072185516357,0.9257779121398926
3,21,5.167819976806641,0.9047622680664062
3,22,4.357267379760742,0.9330351948738098
3,23,4.386829853057861,0.9277064800262451
3,24,3.9328129291534424,0.9417605400085449
3,25,4.450429916381836,0.9255252480506897
3,26,4.328226089477539,0.9347121715545654
3,27,3.784937620162964,0.9469320178031921
3,28,3.807379961013794,0.9454421401023865
3,29,3.9910593032836914,0.9389402866363525
3,30,4.799203872680664,0.9093189835548401
3,31,3.377182960510254,0.9558436870574951
3,32,5.669317245483398,0.8916993141174316
3,33,3.8872127532958984,0.9438233375549316
3,34,3.4395949840545654,0.9556498527526855
3,35,4.165964603424072,0.9403683543205261
3,36,4.018604278564453,0.9374633431434631
3,37,6.256502628326416,0.8677730560302734
3,38,3.9252986907958984,0.9377495646476746
3,39,4.751511096954346,0.9131700396537781
3,40,3.735548734664917,0.9503690600395203
3,41,3.7256648540496826,0.9492591023445129
3,42,4.234066486358643,0.9366104006767273
3,43,4.2517008781433105,0.9286677241325378
3,44,5.065521240234375,0.9039674401283264
3,45,3.8740837574005127,0.9466784000396729
3,46,3.221985101699829,0.9616155624389648
3,47,3.178851366043091,0.9641191959381104
3,48,12.823290824890137,0.43329736590385437
3,49,12.673324584960938,0.4397752285003662
3,50,3.1951189041137695,0.9611365795135498
3,51,3.6872446537017822,0.9530741572380066
3,52,3.5343475341796875,0.9531464576721191
3,53,4.798951148986816,0.9194210171699524
3,54,5.532840728759766,0.8842504024505615
3,55,3.6033008098602295,0.9493501782417297
3,56,4.951496124267578,0.9075026512145996
3,57,2.997667074203491,0.9683930277824402
3,58,4.299465179443359,0.9240491986274719
3,59,4.332935333251953,0.9277740120887756
3,60,4.1601481437683105,0.9382672905921936
3,61,3.418492317199707,0.9603531360626221
3,62,3.2720813751220703,0.9582478404045105
3,63,5.155208110809326,0.9103031754493713
3,64,8.088690757751465,0.7438139319419861
3,65,5.0763678550720215,0.9000303745269775
3,66,4.032601833343506,0.9388322830200195
3,67,3.2238776683807373,0.9609417915344238
3,68,7.535604476928711,0.8100292086601257
3,69,3.1968612670898438,0.9627997279167175
3,70,2.9843242168426514,0.9656551480293274
3,71,3.4740543365478516,0.9537686705589294
3,72,5.526029109954834,0.8831395506858826
3,73,13.778778076171875,0.3462640345096588
3,74,3.9319610595703125,0.9370015263557434
3,75,5.288728713989258,0.90238356590271
3,76,5.717844009399414,0.8723343014717102
3,77,4.143470287322998,0.935978353023529
3,78,3.7897136211395264,0.9464734196662903
3,79,3.208456039428711,0.9594427943229675
3,80,3.5971434116363525,0.9510475993156433
3,81,4.375253677368164,0.9309048652648926
3,82,3.572812080383301,0.9534609317779541
3,83,4.850081443786621,0.9040935635566711
3,84,4.586709022521973,0.9214775562286377
3,85,3.762620687484741,0.9444282054901123
3,86,3.8423995971679688,0.9420406818389893
3,87,10.389457702636719,0.578315258026123
3,88,4.596119403839111,0.9191394448280334
3,89,3.5313079357147217,0.9537997841835022
3,90,4.4329833984375,0.9206874966621399
3,91,6.055738925933838,0.8747273087501526
3,92,3.246657371520996,0.9623391628265381
3,93,3.521634101867676,0.9544900059700012
3,94,7.773735046386719,0.763575553894043
3,95,4.569590091705322,0.9193771481513977
3,96,4.735472202301025,0.9127880930900574
3,97,7.260762691497803,0.8241493105888367
3,98,4.1567888259887695,0.9358439445495605
3,99,4.973962783813477,0.9031801223754883
3,100,3.5785818099975586,0.9485861659049988
4,1,3.9074294567108154,0.9428927898406982
4,2,3.3971893787384033,0.9565189480781555
4,3,4.680698871612549,0.9090955853462219
4,4,4.000232696533203,0.9379005432128906
4,5,4.243977069854736,0.931818962097168
4,6,3.716843605041504,0.945257842540741
4,7,3.4254674911499023,0.9545600414276123
4,8,3.1873104572296143,0.9623541235923767
4,9,2.9162559509277344,0.965538501739502
4,10,3.3234920501708984,0.9545510411262512
4,11,4.232395648956299,0.9332835078239441
4,12,3.5845391750335693,0.9523921012878418
4,13,3.4021918773651123,0.9594365954399109
4,14,4.001817226409912,0.9365093111991882
4,15,4.069814205169678,0.9307778477668762
4,16,3.5743744373321533,0.9516907334327698
4,17,5.315721035003662,0.8927915692329407
4,18,5.360994815826416,0.8934402465820312
4,19,4.447086334228516,0.9244998097419739
4,20,3.9029083251953125,0.940077543258667
4,21,3.6287155151367188,0.9473979473114014
4,22,4.47960090637207,0.9236782193183899
4,23,5.697436809539795,0.89007568359375
4,24,3.3981034755706787,0.9575687050819397
4,25,4.501045227050781,0.930929958820343
4,26,4.419558525085449,0.9243413805961609
4,27,3.2737789154052734,0.9567847847938538
4,28,3.043208360671997,0.9655640721321106
4,29,4.051659107208252,0.9358617663383484
4,30,3.4229743480682373,0.9538787007331848
4,31,4.0014824867248535,0.9381406903266907
4,32,4.120849132537842,0.9318821430206299
4,33,4.238076686859131,0.9305724501609802
4,34,3.7265243530273438,0.9427770972251892
4,35,3.9499635696411133,0.9397668838500977
4,36,3.5994691848754883,0.9495652318000793
4,37,3.700547218322754,0.9462102055549622
4,38,4.210129261016846,0.927849531173706
4,39,3.6459481716156006,0.9502410888671875
4,40,3.2892234325408936,0.9602434635162354
4,41,3.474353790283203,0.9539267420768738
4,42,4.585560321807861,0.9138386249542236
4,43,8.483253479003906,0.7553206086158752
4,44,4.286214351654053,0.9259109497070312
4,45,4.164248943328857,0.9347814917564392
4,46,3.4221370220184326,0.959614098072052
4,47,4.146127700805664,0.9315001368522644
4,48,3.405763626098633,0.9549728035926819
4,49,3.9935386180877686,0.9379675388336182
4,50,3.8378422260284424,0.9403293132781982
4,51,3.1273434162139893,0.9629828929901123
4,52,3.174631118774414,0.962181806564331
4,53,3.937095880508423,0.9381679892539978
4,54,4.298974514007568,0.9330570101737976
4,55,4.252376556396484,0.9317495822906494
4,56,2.9663448333740234,0.9650108218193054
4,57,4.33502721786499,0.9367039799690247
4,58,3.9225852489471436,0.9451099038124084
4,59,3.4873600006103516,0.9545884132385254
4,60,4.20219087600708,0.9316754341125488
4,61,3.693309783935547,0.9453887939453125
4,62,3.4945342540740967,0.9495978951454163
4,63,4.571924209594727,0.9220616817474365
4,64,3.78324294090271,0.9435842633247375
4,65,3.310243606567383,0.9564830660820007
4,66,3.805649757385254,0.9395033717155457
4,67,3.1928951740264893,0.9621910452842712
4,68,3.8990602493286133,0.9401199221611023
4,69,3.805699586868286,0.9420337677001953
4,70,3.7328014373779297,0.9436637759208679
4,71,3.686917543411255,0.9479218125343323
4,72,5.362815856933594,0.9018084406852722
4,73,6.777322292327881,0.8451902866363525
4,74,3.466789960861206,0.9516229033470154
4,75,3.9757556915283203,0.9390652179718018
4,76,3.3253965377807617,0.9586048722267151
4,77,3.5976388454437256,0.9510740637779236
4,78,8.44449520111084,0.7601501941680908
4,79,3.630547285079956,0.9507737755775452
4,80,4.346491813659668,0.9330388903617859
4,81,3.990525007247925,0.9383835196495056
4,82,4.447512626647949,0.9243804812431335
4,83,3.58720326423645,0.9496901631355286
4,84,4.474822521209717,0.9226865768432617
4,85,3.3256113529205322,0.9584829211235046
4,86,4.646507740020752,0.9216904640197754
4,87,2.9289960861206055,0.9668731093406677
4,88,4.220728397369385,0.9321765303611755
4,89,4.360069274902344,0.9241684079170227
4,90,3.6749114990234375,0.9488029479980469
4,91,3.726675271987915,0.9442208409309387
4,92,3.7339916229248047,0.9453790783882141
4,93,3.3640220165252686,0.9571404457092285
4,94,3.4486477375030518,0.9543121457099915
4,95,3.6494300365448,0.9491062164306641
4,96,3.9842045307159424,0.9366697669029236
4,97,2.728989362716675,0.971073567867279
4,98,3.9955456256866455,0.9340815544128418
4,99,3.548768997192383,0.9486035704612732
4,100,3.96797251701355,0.9410830140113831
5,1,4.471865653991699,0.9185478091239929
5,2,3.3634865283966064,0.9551167488098145
5,3,3.8453738689422607,0.947418749332428
5,4,3.504601240158081,0.9522819519042969
5,5,4.036217212677002,0.9313766360282898
5,6,3.6581640243530273,0.9491260051727295
5,7,4.276719570159912,0.9293782711029053
5,8,2.6879196166992188,0.9728187918663025
5,9,3.53458571434021,0.9510643482208252
5,10,3.4953677654266357,0.9502251744270325
5,11,4.0902276039123535,0.9327290058135986
5,12,4.895320892333984,0.9113802909851074
5,13,3.368138551712036,0.9550907015800476
5,14,3.66918683052063,0.9464529156684875
5,15,3.686016798019409,0.9422608017921448
5,16,3.251073122024536,0.9576453566551208
5,17,3.74245285987854,0.9476413726806641
5,18,4.055775165557861,0.937488853931427
5,19,4.45035982131958,0.9191892147064209
5,20,3.8456695079803467,0.9413366913795471
5,21,3.9121809005737305,0.9391490817070007
5,22,3.9278461933135986,0.9380879402160645
5,23,3.7406728267669678,0.9451162219047546
5,24,3.7192344665527344,0.9436537623405457
5,25,3.3434784412384033,0.9594632983207703
5,26,3.3106441497802734,0.9572845101356506
5,27,3.0407192707061768,0.9633286595344543
5,28,2.9918110370635986,0.9663384556770325
5,29,3.6081035137176514,0.9483432769775391
5,30,3.359126329421997,0.9531645178794861
5,31,3.9134681224823,0.9404127597808838
5,32,4.001057147979736,0.9347503781318665
5,33,3.9562149047851562,0.9367733001708984
5,34,3.611315965652466,0.9460250735282898
5,35,4.409957408905029,0.9210205078125
5,36,3.948946714401245,0.9426897168159485
5,37,3.4855663776397705,0.9566748738288879
5,38,3.7149410247802734,0.9467784762382507
5,39,3.3114726543426514,0.9565348625183105
5,40,6.778380870819092,0.8125627636909485
5,41,3.288323402404785,0.9574796557426453
5,42,3.5287115573883057,0.9481148719787598
5,43,3.6553738117218018,0.9469992518424988
5,44,3.8463118076324463,0.9428407549858093
5,45,3.1927881240844727,0.9620477557182312
5,46,3.6946728229522705,0.9451454281806946
5,47,3.839498281478882,0.9408478736877441
5,48,4.775392055511475,0.908726692199707
5,49,3.7994117736816406,0.943072497844696
5,50,3.9313652515411377,0.9374470710754395
5,51,3.0939433574676514,0.9613697528839111
5,52,4.67965841293335,0.9119315147399902
5,53,3.477477788925171,0.9554412961006165
5,54,3.948746919631958,0.9397230744361877
5,55,3.5760910511016846,0.9455733299255371
5,56,2.9343369007110596,0.9658815264701843
5,57,3.1133334636688232,0.9587745070457458
5,58,4.199647903442383,0.9357399940490723
5,59,3.5179710388183594,0.9508218765258789
5,60,3.8057548999786377,0.942626416683197
5,61,3.794360876083374,0.9437530040740967
5,62,4.151449680328369,0.9286203384399414
5,63,3.000027656555176,0.968342125415802
5,64,3.808955430984497,0.9425203204154968
5,65,3.581228017807007,0.9481529593467712
5,66,3.55305552482605,0.9486644864082336
5,67,3.6488196849823,0.9478320479393005
5,68,3.447666883468628,0.954150915145874
5,69,3.2616255283355713,0.9586603045463562
5,70,5.247262954711914,0.9020581841468811
5,71,3.6669514179229736,0.9548094272613525
5,72,4.476786136627197,0.9213383793830872
5,73,3.612727403640747,0.9472194314002991
5,74,3.902179479598999,0.9378955364227295
5,75,4.4620232582092285,0.9174330830574036
5,76,3.746669054031372,0.9447258114814758
5,77,3.7835464477539062,0.9441742897033691
5,78,3.856961250305176,0.9401288032531738
5,79,3.2507903575897217,0.9587213397026062
5,80,4.174161434173584,0.931317150592804
5,81,5.440834045410156,0.8825398087501526
5,82,4.015050888061523,0.9340534210205078
5,83,4.047905445098877,0.9354730248451233
5,84,4.04987096786499,0.9363610148429871
5,85,3.3206100463867188,0.9561252593994141
5,86,4.292057991027832,0.9277706146240234
5,87,4.359153747558594,0.9287357926368713
5,88,3.9238479137420654,0.9410349726676941
5,89,3.6698665618896484,0.9482852816581726
5,90,4.08200216293335,0.9339475631713867
5,91,4.247111797332764,0.9249175190925598
5,92,3.217676877975464,0.9603767991065979
5,93,4.008633136749268,0.9355301856994629
5,94,4.323751449584961,0.9268582463264465
5,95,3.3748257160186768,0.9537224769592285
5,96,4.402106285095215,0.9221026301383972
5,97,3.9407150745391846,0.9387254118919373
5,98,4.411589622497559,0.9313978552818298
5,99,3.123300552368164,0.9645096659660339
5,100,4.435174465179443,0.9277279376983643
6,1,4.047713756561279,0.9361958503723145
6,2,5.180483818054199,0.8965229988098145
6,3,3.7325432300567627,0.9456262588500977
6,4,3.53460955619812,0.9493266940116882
6,5,3.1348438262939453,0.9624517560005188
6,6,4.333620071411133,0.9266127943992615
6,7,3.72424578666687,0.948052704334259
6,8,5.6552205085754395,0.8751500248908997
6,9,3.913069009780884,0.9390482306480408
6,10,4.894998073577881,0.9147053360939026
6,11,3.6970720291137695,0.9462578296661377
6,12,4.576173782348633,0.9257047176361084
6,13,3.3867695331573486,0.9525461196899414
6,14,3.967344045639038,0.9385225176811218
6,15,3.2056808471679688,0.9601166844367981
6,16,3.745407819747925,0.9447486996650696
6,17,3.623469591140747,0.948376476764679
6,18,3.532686233520508,0.9520485401153564
6,19,3.141260862350464,0.9618768095970154
6,20,4.063299179077148,0.9344108700752258
6,21,4.790384292602539,0.9098439812660217
6,22,3.64569091796875,0.948315441608429
6,23,3.274365186691284,0.9568557739257812
6,24,4.003112316131592,0.9323170781135559
6,25,3.931741714477539,0.9374373555183411
6,26,3.2305967807769775,0.9614061713218689
6,27,3.7156550884246826,0.9496157765388489
6,28,2.9725334644317627,0.9657192230224609
6,29,3.212299108505249,0.9568996429443359
6,30,3.611753463745117,0.9461018443107605
6,31,3.4576332569122314,0.9522368907928467
6,32,3.322646141052246,0.954164981842041
6,33,5.212779521942139,0.8974334597587585
6,34,3.2649307250976562,0.9591047763824463
6,35,4.072307109832764,0.9339456558227539
6,36,4.631428241729736,0.9147472977638245
6,37,2.9680678844451904,0.9658234715461731
6,38,3.1154918670654297,0.9603578448295593
6,39,3.802431106567383,0.9428723454475403
6,40,4.407309532165527,0.9230065941810608
6,41,4.010181903839111,0.9360461831092834
6,42,3.626710891723633,0.9478461742401123
6,43,3.8184566497802734,0.9428296089172363
6,44,3.3230578899383545,0.9576367735862732
6,45,3.799528121948242,0.9436683654785156
6,46,3.8838768005371094,0.9435581564903259
6,47,3.8646209239959717,0.9415463805198669
6,48,3.097566843032837,0.9644031524658203
6,49,3.8645801544189453,0.9362883567810059
6,50,3.339031934738159,0.957200825214386
6,51,4.123440265655518,0.92917400598526
6,52,3.387178421020508,0.953639566898346
6,53,5.462684154510498,0.8874316215515137
6,54,3.1310575008392334,0.9594993591308594
6,55,4.897268772125244,0.9034557938575745
6,56,3.790154457092285,0.9473480582237244
6,57,3.3008553981781006,0.9594996571540833
6,58,3.9309208393096924,0.9385107159614563
6,59,3.781632423400879,0.9429664611816406
6,60,4.023497581481934,0.9368817806243896
6,61,3.8878567218780518,0.9398608803749084
6,62,3.63659930229187,0.9485718607902527
6,63,3.7571709156036377,0.9438386559486389
6,64,3.4857921600341797,0.9533839225769043
6,65,3.54534649848938,0.9480144381523132
6,66,3.7390308380126953,0.9425944685935974
6,67,3.4661948680877686,0.9552378058433533
6,68,3.429703950881958,0.9520273208618164
6,69,3.574268341064453,0.950001060962677
6,70,4.159405708312988,0.9313793778419495
6,71,3.6170051097869873,0.9470898509025574
6,72,3.6358556747436523,0.9450461268424988
6,73,4.233179569244385,0.9341732859611511
6,74,3.8359787464141846,0.9410973191261292
6,75,4.522890567779541,0.9244582056999207
6,76,3.586594820022583,0.9466068148612976
6,77,3.5430424213409424,0.9467929005622864
6,78,3.8832790851593018,0.9398638606071472
6,79,3.873570442199707,0.9444794058799744
6,80,3.8723182678222656,0.9385871887207031
6,81,3.7903807163238525,0.939608097076416
6,82,3.5624001026153564,0.9495837092399597
6,83,3.9779529571533203,0.9380821585655212
6,84,3.3438961505889893,0.955554187297821
6,85,4.3941521644592285,0.9239780306816101
6,86,4.055897235870361,0.9341754913330078
6,87,3.1696932315826416,0.9602552056312561
6,88,3.790928602218628,0.9427416324615479
6,89,3.5423643589019775,0.9496166706085205
6,90,5.506965160369873,0.8833182454109192
6,91,5.005761623382568,0.9016750454902649
6,92,3.7426187992095947,0.9432201981544495
6,93,3.7394306659698486,0.9433143138885498
6,94,3.6686840057373047,0.9467120170593262
6,95,3.5868980884552,0.953265368938446
6,96,3.8882930278778076,0.9399256706237793
6,97,3.4236183166503906,0.9543340802192688
6,98,3.426577568054199,0.953167200088501
6,99,5.031989574432373,0.8968254923820496
6,100,3.592761278152466,0.9484227299690247
7,1,4.038674831390381,0.9352006316184998
7,2,4.78395938873291,0.9146302342414856
7,3,3.904017210006714,0.9372294545173645
7,4,3.15710186958313,0.9604719281196594
7,5,3.818704605102539,0.9401960372924805
7,6,3.5083532333374023,0.950894832611084
7,7,4.133576393127441,0.9327057003974915
7,8,3.969181776046753,0.9369946122169495
7,9,3.6168525218963623,0.9462964534759521
7,10,3.1964304447174072,0.9598098397254944
7,11,3.1525566577911377,0.9611098170280457
7,12,3.425140619277954,0.9539549350738525
7,13,4.668405055999756,0.9121201634407043
7,14,3.3312480449676514,0.9541535973548889
7,15,3.029301643371582,0.9619609713554382
7,16,3.691699743270874,0.9451277852058411
7,17,3.1557605266571045,0.9607405066490173
7,18,3.3091046810150146,0.9569716453552246
7,19,3.510122299194336,0.9505863189697266
7,20,3.339329481124878,0.9567921757698059
7,21,3.9634618759155273,0.9377638697624207
7,22,4.171546459197998,0.9310443997383118
7,23,3.1707141399383545,0.9603204727172852
7,24,4.049134731292725,0.9317981600761414
7,25,3.812042236328125,0.945946216583252
7,26,3.710261583328247,0.944737434387207
7,27,4.642368316650391,0.9120469689369202
7,28,2.909274101257324,0.9677956700325012
7,29,3.748973846435547,0.9426777958869934
7,30,3.4469375610351562,0.952538251876831
7,31,3.7829761505126953,0.9452540874481201
7,32,3.2361648082733154,0.958699643611908
7,33,3.0211846828460693,0.9654104113578796
7,34,4.18263578414917,0.929664134979248
7,35,3.716355562210083,0.9451521039009094
7,36,3.44157338142395,0.9529063105583191
7,37,3.762096405029297,0.9420261383056641
7,38,4.649428844451904,0.9148585796356201
7,39,3.267308473587036,0.957648754119873
7,40,5.645060062408447,0.8772974610328674
7,41,3.3832130432128906,0.954483687877655
7,42,3.5681278705596924,0.9537160992622375
7,43,3.63395094871521,0.9512093663215637
7,44,4.213790416717529,0.9270665645599365
7,45,3.789077043533325,0.9420416951179504
7,46,3.3577282428741455,0.9557608962059021
7,47,4.183782577514648,0.9266955852508545
7,48,3.806997299194336,0.9425929188728333
7,49,4.851853847503662,0.9091300368309021
7,50,3.598403215408325,0.9467721581459045
7,51,4.1633477210998535,0.9284987449645996
7,52,4.27769660949707,0.9246501922607422
7,53,5.047802448272705,0.9027302861213684
7,54,3.894273042678833,0.940838634967804
7,55,3.101238965988159,0.9601734280586243
7,56,4.163715839385986,0.9304319024085999
7,57,3.8340003490448,0.9415743947029114
7,58,4.277807712554932,0.9270761609077454
7,59,3.943187713623047,0.9363881945610046
7,60,4.234252452850342,0.9241440892219543
7,61,4.099154472351074,0.9318764209747314
7,62,3.06844162940979,0.9642922282218933
7,63,2.959841012954712,0.9658282399177551
7,64,3.2239246368408203,0.9594756960868835
7,65,3.9897029399871826,0.9380931854248047
7,66,3.314194917678833,0.9584905505180359
7,67,4.128818511962891,0.9327842593193054
7,68,5.227898120880127,0.883345901966095
7,69,4.3574604988098145,0.9235818386077881
7,70,3.7201976776123047,0.9443836212158203
7,71,3.3019466400146484,0.9589896202087402
7,72,2.995307207107544,0.966123104095459
7,73,3.694563150405884,0.9453679919242859
7,74,3.3963234424591064,0.9556002616882324
7,75,3.0408248901367188,0.9618253707885742
7,76,4.513083457946777,0.9210855960845947
7,77,3.329401731491089,0.9589195847511292
7,78,3.4120540618896484,0.9523746371269226
7,79,5.218822002410889,0.8890824317932129
7,80,3.6016597747802734,0.9476139545440674
7,81,3.153205156326294,0.9603407382965088
7,82,3.7922332286834717,0.9404421448707581
7,83,3.3966522216796875,0.9534358382225037
7,84,3.768679618835449,0.9442604184150696
7,85,3.2755439281463623,0.9575731158256531
7,86,3.038139581680298,0.9658276438713074
7,87,3.4957549571990967,0.9527347683906555
7,88,3.6456241607666016,0.9454400539398193
7,89,3.721633195877075,0.9440318942070007
7,90,3.088334321975708,0.9640243649482727
7,91,4.196162700653076,0.9287817478179932
7,92,3.608168840408325,0.9500506520271301
7,93,3.9187824726104736,0.9397358298301697
7,94,3.211003065109253,0.9604803919792175
7,95,3.961470365524292,0.9374070763587952
7,96,4.943497180938721,0.9026365280151367
7,97,3.2158005237579346,0.9578940868377686
7,98,3.7059288024902344,0.9462202191352844
7,99,3.377596616744995,0.9531646370887756
7,100,3.974916458129883,0.9354126453399658
8,1,4.155642032623291,0.9313440918922424
8,2,3.5355565547943115,0.9495365023612976
8,3,3.737765312194824,0.9418008327484131
8,4,3.2044169902801514,0.9602829813957214
8,5,4.121951580047607,0.9315153956413269
8,6,3.4693145751953125,0.9491996765136719
8,7,3.7886362075805664,0.9399020671844482
8,8,4.542242527008057,0.9168321490287781
8,9,4.557111740112305,0.9140283465385437
8,10,3.46940541267395,0.9486939311027527
8,11,3.4970130920410156,0.9504165053367615
8,12,3.6071860790252686,0.9467856287956238
8,13,3.81196665763855,0.9387454986572266
8,14,4.004166126251221,0.9298998713493347
8,15,2.817096471786499,0.9688469767570496
8,16,4.561794281005859,0.9252389073371887
8,17,3.4616501331329346,0.950314462184906
8,18,3.4847252368927,0.9513266086578369
8,19,3.94116473197937,0.9386948943138123
8,20,3.807480573654175,0.9400289058685303
8,21,3.3851919174194336,0.955671489238739
8,22,3.2949469089508057,0.9557774662971497
8,23,3.5698235034942627,0.9486672878265381
8,24,2.9661238193511963,0.9652441143989563
8,25,3.7447547912597656,0.9448843598365784
8,26,3.651958465576172,0.9468498826026917
8,27,3.8795645236968994,0.938071072101593
8,28,3.2776622772216797,0.9562077522277832
8,29,5.127843379974365,0.8954097628593445
8,30,2.9451324939727783,0.9664835333824158
8,31,3.761791229248047,0.9437651634216309
8,32,3.3962087631225586,0.9540709853172302
8,33,5.170770645141602,0.8947917819023132
8,34,4.463504314422607,0.9194893836975098
8,35,5.176645755767822,0.8939034342765808
8,36,5.679206848144531,0.8707280158996582
8,37,3.869992256164551,0.9411919713020325
8,38,4.170535564422607,0.9296541810035706
8,39,3.672534704208374,0.9474884867668152
8,40,3.3960678577423096,0.9529730677604675
8,41,4.049912929534912,0.9356656670570374
8,42,5.008479595184326,0.9046072363853455
8,43,4.280593395233154,0.923907458782196
8,44,4.174816608428955,0.9318673014640808
8,45,4.168773174285889,0.9318726658821106
8,46,3.839752197265625,0.9398242831230164
8,47,3.6668014526367188,0.9454762935638428
8,48,4.051151752471924,0.932148277759552
8,49,3.285499334335327,0.959183394908905
8,50,3.8619558811187744,0.9410202503204346
8,51,3.643627166748047,0.9467949271202087
8,52,4.968759536743164,0.901528537273407
8,53,3.7603466510772705,0.9406524300575256
8,54,3.309995651245117,0.9570708274841309
8,55,3.7177107334136963,0.9443173408508301
8,56,3.757918119430542,0.9429764747619629
8,57,4.285453796386719,0.9290459752082825
8,58,3.312697649002075,0.9588015675544739
8,59,5.077338695526123,0.898379385471344
8,60,3.4981861114501953,0.9498947262763977
8,61,4.253433704376221,0.9259727597236633
8,62,3.771740674972534,0.9451931118965149
8,63,3.6321985721588135,0.9498137831687927
8,64,3.663148880004883,0.9445931315422058
8,65,3.7190170288085938,0.946770966053009
8,66,3.237868309020996,0.95485919713974
8,67,3.856184720993042,0.9417049288749695
8,68,3.821345090866089,0.9402509331703186
8,69,4.084022045135498,0.9339184165000916
8,70,4.258174419403076,0.9233853220939636
8,71,3.756627321243286,0.9407569766044617
8,72,3.1004230976104736,0.9618661403656006
8,73,3.5089504718780518,0.9491915702819824
8,74,3.949276924133301,0.9372870326042175
8,75,3.1695778369903564,0.9621224999427795
8,76,3.4174015522003174,0.9536725878715515
8,77,3.32377552986145,0.9561408162117004
8,78,3.843067169189453,0.9382445812225342
8,79,5.022277355194092,0.9007880687713623
8,80,3.8861637115478516,0.9389769434928894
8,81,3.434497594833374,0.9550620913505554
8,82,3.4464175701141357,0.9518671035766602
8,83,3.7582180500030518,0.9435490965843201
8,84,3.4148800373077393,0.9541684985160828
8,85,3.629533052444458,0.9454048275947571
8,86,2.787806749343872,0.9686252474784851
8,87,3.6471030712127686,0.9449102878570557
8,88,3.0380516052246094,0.9650371670722961
8,89,5.218921184539795,0.8896051049232483
8,90,3.6687309741973877,0.9433090686798096
8,91,4.296541690826416,0.9245800971984863
8,92,4.176966190338135,0.9289956092834473
8,93,3.459413528442383,0.9523094296455383
8,94,3.1780173778533936,0.9617161154747009
8,95,3.423414945602417,0.9525238871574402
8,96,3.4114882946014404,0.9544395804405212
8,97,2.9679040908813477,0.9650028347969055
8,98,3.559678316116333,0.9487996697425842
8,99,3.4193007946014404,0.950887143611908
8,100,4.019677639007568,0.9335713982582092
9,1,3.8016111850738525,0.9423034191131592
9,2,4.001701354980469,0.9359514713287354
9,3,4.140264511108398,0.9302725791931152
9,4,3.897484540939331,0.9379286766052246
9,5,3.626235008239746,0.9480718970298767
9,6,3.6234467029571533,0.9472501873970032
9,7,3.2271602153778076,0.9584765434265137
9,8,5.1447601318359375,0.8966314196586609
9,9,3.982081174850464,0.9367453455924988
9,10,4.1938557624816895,0.9304801821708679
9,11,4.1539306640625,0.9280540347099304
9,12,3.7676594257354736,0.9421949982643127
9,13,3.280729293823242,0.9576489925384521
9,14,3.2715911865234375,0.9584059715270996
9,15,3.5733652114868164,0.9482820630073547
9,16,4.880013942718506,0.9096283912658691
9,17,3.812501907348633,0.9406898021697998
9,18,5.0548529624938965,0.9006736278533936
9,19,3.693796157836914,0.9473024010658264
9,20,4.010467052459717,0.9355573654174805
9,21,3.4755191802978516,0.9508798122406006
9,22,3.1697442531585693,0.9607759118080139
9,23,5.109031677246094,0.8955774307250977
9,24,3.3902969360351562,0.9536464810371399
9,25,3.341822624206543,0.9557867646217346
9,26,3.46947979927063,0.9518782496452332
9,27,3.76457142829895,0.9410495758056641
9,28,3.8157360553741455,0.940425455570221
9,29,3.40071702003479,0.9526802897453308
9,30,3.5830376148223877,0.9464414715766907
9,31,3.7779381275177,0.9508581757545471
9,32,4.000982761383057,0.9373531937599182
9,33,4.314599990844727,0.9215380549430847
9,34,4.927491664886475,0.8994512557983398
9,35,3.92676043510437,0.9391245245933533
9,36,4.006545543670654,0.9341501593589783
9,37,3.275599241256714,0.9554510116577148
9,38,3.771695852279663,0.942223846912384
9,39,3.1350319385528564,0.9615731835365295
9,40,4.2827229499816895,0.9245522022247314
9,41,3.018296480178833,0.9646744728088379
9,42,4.170485973358154,0.9269210696220398
9,43,4.917260646820068,0.9006744027137756
9,44,3.7381107807159424,0.9423297047615051
9,45,3.587078094482422,0.9486863017082214
9,46,3.479720115661621,0.9528350234031677
9,47,4.0923919677734375,0.9318802952766418
9,48,3.0221006870269775,0.9635419845581055
9,49,3.657308578491211,0.9461072087287903
9,50,3.940401077270508,0.93925541639328
9,51,3.741943597793579,0.9436690211296082
9,52,3.582576036453247,0.9475302696228027
9,53,3.776918649673462,0.9416410326957703
9,54,3.4514644145965576,0.9534943699836731
9,55,3.549727201461792,0.9497634768486023
9,56,3.7749927043914795,0.942188560962677
9,57,4.149248123168945,0.9281104207038879
9,58,4.005819320678711,0.9358747601509094
9,59,3.7034056186676025,0.9439738392829895
9,60,4.074915409088135,0.9340102672576904
9,61,3.643535614013672,0.9483060836791992
9,62,4.911409854888916,0.9025519490242004
9,63,2.8762786388397217,0.9685258865356445
9,64,4.666758060455322,0.9137446284294128
9,65,3.7702882289886475,0.9427548050880432
9,66,3.0497944355010986,0.9642310738563538
9,67,3.3363571166992188,0.95665043592453
9,68,4.6181488037109375,0.9173881411552429
9,69,3.10561466217041,0.9620983600616455
9,70,3.6183910369873047,0.9452404975891113
9,71,3.926576614379883,0.9378930926322937
9,72,3.5066440105438232,0.9499184489250183
9,73,3.386444091796875,0.951195240020752
9,74,3.3785903453826904,0.9561260342597961
9,75,3.306635856628418,0.9556090235710144
9,76,2.7290256023406982,0.9722886085510254
9,77,3.6972837448120117,0.9448216557502747
9,78,3.9480056762695312,0.9375739097595215
9,79,4.0710015296936035,0.9304413795471191
9,80,3.7839133739471436,0.9416009783744812
9,81,3.545133590698242,0.9496563076972961
9,82,3.250859260559082,0.9575950503349304
9,83,3.8918545246124268,0.9380037188529968
9,84,3.185577154159546,0.9596595764160156
9,85,3.595928907394409,0.9457460045814514
9,86,4.590078830718994,0.9158430099487305
9,87,3.615581512451172,0.9459972381591797
9,88,3.828435182571411,0.9401721954345703
9,89,3.9106197357177734,0.9386403560638428
9,90,3.6512348651885986,0.9454802870750427
9,91,4.461747169494629,0.9187552332878113
9,92,5.19531774520874,0.8944687247276306
9,93,3.1967926025390625,0.9588363766670227
9,94,4.935481548309326,0.899864673614502
9,95,3.9304990768432617,0.9391359686851501
9,96,3.6322314739227295,0.945662260055542
9,97,4.969995021820068,0.8977870941162109
9,98,3.3188841342926025,0.9567460417747498
9,99,3.1210968494415283,0.960576593875885
9,100,5.6157660484313965,0.8711697459220886
10,1,3.2718327045440674,0.9576311111450195
10,2,4.212769031524658,0.9273771643638611
10,3,3.341491460800171,0.9556735157966614
10,4,3.991231918334961,0.9353706240653992
10,5,3.469632148742676,0.9504676461219788
10,6,3.540278673171997,0.9479996562004089
10,7,4.627557754516602,0.9107285141944885
10,8,3.5085811614990234,0.9485049843788147
10,9,3.493826150894165,0.94819575548172
10,10,3.934283494949341,0.9340516924858093
10,11,3.0709736347198486,0.9637715220451355
10,12,3.7565605640411377,0.9421589374542236
10,13,4.46658182144165,0.9211856722831726
10,14,3.5851237773895264,0.9470108151435852
10,15,4.808944225311279,0.9059340357780457
10,16,3.986403226852417,0.935023844242096
10,17,4.088498592376709,0.9315136075019836
10,18,3.949012517929077,0.9381347298622131
10,19,3.704359292984009,0.9428719878196716
10,20,4.283908843994141,0.9238781929016113
10,21,4.2513747215271,0.9269054532051086
10,22,4.178661823272705,0.9307618141174316
10,23,3.758957624435425,0.9426150918006897
10,24,4.924136638641357,0.9044550061225891
10,25,4.281549453735352,0.9261457324028015
10,26,3.385667562484741,0.9542055726051331
10,27,3.7651309967041016,0.9424884915351868
10,28,3.454988479614258,0.9504249095916748
10,29,3.095759153366089,0.9620236754417419
10,30,3.927777051925659,0.9374008774757385
10,31,4.975466251373291,0.8991637229919434
10,32,4.566917419433594,0.9149539470672607
10,33,4.672552585601807,0.9114024043083191
10,34,4.48779821395874,0.9183548092842102
10,35,3.4769814014434814,0.9518375396728516
10,36,3.876760482788086,0.9396283030509949
10,37,3.7568933963775635,0.942629337310791
10,38,3.472696304321289,0.9539110064506531
10,39,3.5562992095947266,0.948499858379364
10,40,3.413661241531372,0.9510801434516907
10,41,4.7028045654296875,0.9066553115844727
10,42,4.472242832183838,0.9210649132728577
10,43,3.428921699523926,0.9533839225769043
10,44,3.7571613788604736,0.9406872391700745
10,45,3.604036331176758,0.9465992450714111
10,46,3.441354513168335,0.9520049691200256
10,47,4.6599040031433105,0.9120023846626282
10,48,3.2884304523468018,0.9575046896934509
10,49,3.7454216480255127,0.9444241523742676
10,50,5.079741954803467,0.8958999514579773
10,51,3.3772144317626953,0.9543256759643555
10,52,3.237891435623169,0.9592872262001038
10,53,3.1978209018707275,0.958000659942627
10,54,4.492149353027344,0.9214544892311096
10,55,3.2900733947753906,0.9555571675300598
10,56,3.93161940574646,0.936967670917511
10,57,3.695634126663208,0.9440739154815674
10,58,4.05335807800293,0.9330575466156006
10,59,3.9977657794952393,0.9357749819755554
10,60,5.766480922698975,0.8714203238487244
10,61,3.5176384449005127,0.9517660737037659
10,62,3.64178466796875,0.9463924765586853
10,63,3.3437225818634033,0.9553630948066711
10,64,3.300128936767578,0.9541773200035095
10,65,4.206197738647461,0.9270036220550537
10,66,3.8393051624298096,0.9411038756370544
10,67,3.4461638927459717,0.9524917602539062
10,68,3.770191192626953,0.94259113073349
10,69,3.4190833568573,0.9540290832519531
10,70,3.6316654682159424,0.9458236694335938
10,71,4.47817850112915,0.9190664291381836
10,72,3.3078958988189697,0.9569658637046814
10,73,3.8567745685577393,0.9401753544807434
10,74,3.5577738285064697,0.9473972320556641
10,75,3.777724504470825,0.9418464303016663
10,76,3.9978885650634766,0.9336817860603333
10,77,3.583261489868164,0.9465948939323425
10,78,3.766611099243164,0.9412195086479187
10,79,4.019626617431641,0.9370291233062744
10,80,3.7592716217041016,0.9421777129173279
10,81,3.3671348094940186,0.9553787112236023
10,82,3.335468292236328,0.9551356434822083
10,83,3.7652130126953125,0.9420377612113953
10,84,3.7180144786834717,0.9446033835411072
10,85,4.688404560089111,0.9106970429420471
10,86,3.6604080200195312,0.946843147277832
10,87,3.116490125656128,0.962562084197998
10,88,3.6766414642333984,0.9439811706542969
10,89,3.9254846572875977,0.9372355341911316
10,90,3.995633363723755,0.9339301586151123
10,91,4.541889190673828,0.9142834544181824
10,92,4.703068256378174,0.9136932492256165
10,93,3.079665422439575,0.963646411895752
10,94,3.4594309329986572,0.9490458369255066
10,95,3.7858572006225586,0.9417910575866699
10,96,3.81656813621521,0.941403865814209
10,97,3.367305040359497,0.9542595744132996
10,98,3.6427066326141357,0.9460933208465576
10,99,5.09190559387207,0.897566020488739
10,100,3.0567493438720703,0.9641812443733215
11,1,4.119899272918701,0.9298944473266602
11,2,3.6733944416046143,0.9419736862182617
11,3,3.446636199951172,0.9529896378517151
11,4,3.8887546062469482,0.9369347095489502
11,5,4.692115306854248,0.9125356674194336
11,6,3.931797981262207,0.9365676045417786
11,7,3.947312116622925,0.936891496181488
11,8,3.4685280323028564,0.9499302506446838
11,9,4.410534381866455,0.9206063747406006
11,10,4.98491096496582,0.8989357948303223
11,11,4.4197096824646,0.9209561944007874
11,12,3.5939323902130127,0.945723295211792
11,13,3.1913254261016846,0.957444965839386
11,14,4.900978088378906,0.9013032913208008
11,15,4.953418731689453,0.9011468291282654
11,16,4.30723762512207,0.9284374713897705
11,17,3.540573835372925,0.9480323791503906
11,18,4.217878818511963,0.9279425740242004
11,19,3.606614351272583,0.94697505235672
11,20,4.29948091506958,0.9258319735527039
11,21,3.6030476093292236,0.9458006024360657
11,22,3.975346565246582,0.9346413612365723
11,23,5.527477741241455,0.8784292340278625
11,24,4.7769036293029785,0.9117550849914551
11,25,3.421443223953247,0.9525957107543945
11,26,4.46062707901001,0.9176018834114075
11,27,3.8299694061279297,0.940887451171875
11,28,3.360140085220337,0.9532842040061951
11,29,5.0408711433410645,0.8985480666160583
11,30,3.8618109226226807,0.9393574595451355
11,31,4.781040191650391,0.9103648066520691
11,32,3.823038339614868,0.9384878277778625
11,33,3.5146801471710205,0.949712336063385
11,34,4.773935794830322,0.9077224731445312
11,35,3.825115203857422,0.9394505620002747
11,36,4.820512771606445,0.9138199687004089
11,37,4.7593674659729,0.9109504222869873
11,38,3.7382373809814453,0.9441855549812317
11,39,3.7121613025665283,0.944411039352417
11,40,3.7191028594970703,0.9449469447135925
11,41,3.4557430744171143,0.9505753517150879
11,42,3.4579670429229736,0.9518917202949524
11,43,4.006300449371338,0.9338579773902893
11,44,4.365776062011719,0.9231166243553162
11,45,4.090404987335205,0.9325572848320007
11,46,3.9813525676727295,0.9334718585014343
11,47,3.1086108684539795,0.9637799859046936
11,48,3.553335428237915,0.9500942230224609
11,49,3.461353302001953,0.9519460797309875
11,50,4.750100135803223,0.9092560410499573
11,51,3.665781259536743,0.9454576373100281
11,52,4.501863479614258,0.9145017266273499
11,53,3.3734912872314453,0.9554821848869324
11,54,4.069082260131836,0.9322316646575928
11,55,4.589160442352295,0.9159576892852783
11,56,3.490340232849121,0.9504734873771667
11,57,3.779374837875366,0.9416515231132507
11,58,4.1401214599609375,0.9333527088165283
11,59,3.4720685482025146,0.9508708119392395
11,60,3.660337448120117,0.9459944367408752
11,61,3.903346300125122,0.9388391375541687
11,62,4.705592155456543,0.9135897159576416
11,63,3.3204822540283203,0.9554827809333801
11,64,2.8741893768310547,0.9665079712867737
11,65,3.8595144748687744,0.9414346814155579
11,66,3.2139892578125,0.9583377838134766
11,67,3.709667444229126,0.9424603581428528
11,68,3.2426083087921143,0.9597039222717285
11,69,4.086244106292725,0.9318841099739075
11,70,3.5997674465179443,0.947769820690155
11,71,5.008773326873779,0.8977257609367371
11,72,4.158677577972412,0.9295417666435242
11,73,3.7433040142059326,0.944631040096283
11,74,4.463813304901123,0.9198110103607178
11,75,3.0202276706695557,0.9639854431152344
11,76,3.469310760498047,0.9496839642524719
11,77,5.539953708648682,0.8806571960449219
11,78,3.723651885986328,0.9426354765892029
11,79,3.7790653705596924,0.9418439865112305
11,80,3.1504242420196533,0.9593538641929626
11,81,3.3773505687713623,0.9533770084381104
11,82,3.6841671466827393,0.9459064602851868
11,83,3.5505409240722656,0.9479923844337463
11,84,4.99230432510376,0.8967463374137878
11,85,3.7668793201446533,0.940777063369751
11,86,4.395292282104492,0.9201272130012512
11,87,3.4010353088378906,0.9523409008979797
11,88,3.3741872310638428,0.9550199508666992
11,89,4.083561420440674,0.9307740330696106
11,90,3.810354471206665,0.9404093623161316
11,91,3.1737468242645264,0.961371123790741
11,92,3.7547006607055664,0.942290723323822
11,93,3.220529556274414,0.9598318934440613
11,94,3.696831464767456,0.9431252479553223
11,95,3.334498643875122,0.9549573063850403
11,96,3.326899528503418,0.9537941813468933
11,97,3.785257577896118,0.9403656125068665
11,98,4.123847961425781,0.9319825768470764
11,99,3.6957664489746094,0.9430862069129944
11,100,3.753758192062378,0.9385450482368469
12,1,3.5767955780029297,0.9482150673866272
12,2,4.183371067047119,0.9292634129524231
12,3,3.675553560256958,0.9432204365730286
12,4,3.489863634109497,0.9505336880683899
12,5,3.5432987213134766,0.9473606944084167
12,6,3.815446138381958,0.9379999041557312
12,7,4.51270055770874,0.9157238006591797
12,8,3.5928661823272705,0.9490867257118225
12,9,3.653144121170044,0.9449608325958252
12,10,3.438364267349243,0.9517194628715515
12,11,3.8892862796783447,0.9415707588195801
12,12,5.199178218841553,0.8896045684814453
12,13,5.2785964012146,0.8861125111579895
12,14,3.7965049743652344,0.9398653507232666
12,15,4.125299453735352,0.932828426361084
12,16,4.004939556121826,0.9340899586677551
12,17,4.567073345184326,0.9150209426879883
12,18,3.661208391189575,0.9498720169067383
12,19,3.96405291557312,0.9345729351043701
12,20,4.110870361328125,0.9304371476173401
12,21,4.080542087554932,0.9346614480018616
12,22,3.985532760620117,0.9333827495574951
12,23,3.825871706008911,0.9402036070823669
12,24,3.7788383960723877,0.9410458207130432
12,25,4.322210788726807,0.9250910878181458
12,26,3.4860236644744873,0.9503412842750549
12,27,3.819119691848755,0.9412969946861267
12,28,3.5524346828460693,0.9487913250923157
12,29,4.081227779388428,0.9329310059547424
12,30,4.325592517852783,0.9260205626487732
12,31,3.8122613430023193,0.9406507611274719
12,32,3.8346564769744873,0.9404324889183044
12,33,4.025299549102783,0.9300476908683777
12,34,3.8848209381103516,0.9382122159004211
12,35,3.635769844055176,0.9471450448036194
12,36,3.423199415206909,0.9528856873512268
12,37,3.7853500843048096,0.9425042271614075
12,38,3.7476723194122314,0.939660370349884
12,39,3.803187608718872,0.9415755271911621
12,40,4.138021469116211,0.926997721195221
12,41,4.175293445587158,0.9291375279426575
12,42,3.1293351650238037,0.962119996547699
12,43,4.290754795074463,0.9242809414863586
12,44,3.10565185546875,0.960289478302002
12,45,3.56416392326355,0.9451909065246582
12,46,3.5511043071746826,0.9475657939910889
12,47,3.6260550022125244,0.9469876885414124
12,48,4.903357982635498,0.9051724076271057
12,49,3.688312292098999,0.9430257678031921
12,50,3.3833847045898438,0.955406129360199
12,51,3.714127779006958,0.942730724811554
12,52,3.95855975151062,0.937396228313446
12,53,3.7197043895721436,0.942615270614624
12,54,3.5353028774261475,0.9502348899841309
12,55,3.7055938243865967,0.9442391991615295
12,56,3.2742767333984375,0.9563573002815247
12,57,4.694016933441162,0.9091798663139343
12,58,5.1403374671936035,0.8916849493980408
12,59,3.2857611179351807,0.9549062252044678
12,60,3.2320854663848877,0.9592609405517578
12,61,3.702497720718384,0.9431617856025696
12,62,3.474531888961792,0.9502358436584473
12,63,4.126221179962158,0.9308068156242371
12,64,3.9995734691619873,0.9352812767028809
12,65,3.768068552017212,0.9417741298675537
12,66,4.000769138336182,0.9333689212799072
12,67,4.358041286468506,0.9194652438163757
12,68,3.5941288471221924,0.9465510249137878
12,69,4.0451836585998535,0.9346389174461365
12,70,3.4128458499908447,0.9517256617546082
12,71,4.673214435577393,0.9109027981758118
12,72,3.6097965240478516,0.9463421702384949
12,73,3.8821828365325928,0.9371570944786072
12,74,3.9365291595458984,0.9350778460502625
12,75,3.687030792236328,0.9428663849830627
12,76,4.217330455780029,0.9269554615020752
12,77,3.4642856121063232,0.9512512683868408
12,78,4.258103847503662,0.9269378185272217
12,79,3.885265350341797,0.938157856464386
12,80,3.322620391845703,0.9566802978515625
12,81,3.4904987812042236,0.9475274085998535
12,82,3.9461498260498047,0.9353988170623779
12,83,4.780069351196289,0.908764660358429
12,84,4.372408866882324,0.9205613732337952
12,85,4.869528293609619,0.9030598998069763
12,86,3.5625154972076416,0.9487767815589905
12,87,4.289309978485107,0.9258208274841309
12,88,4.112588405609131,0.9304702281951904
12,89,3.954604387283325,0.9370891451835632
12,90,4.624034404754639,0.9143596291542053
12,91,3.403383255004883,0.9533553719520569
12,92,4.908785343170166,0.9025896191596985
12,93,3.5503320693969727,0.9472737908363342
12,94,4.0794267654418945,0.9314122796058655
12,95,3.9726078510284424,0.9383918642997742
12,96,4.011416912078857,0.9322970509529114
12,97,3.562512159347534,0.9471051096916199
12,98,3.695050001144409,0.9437329769134521
12,99,3.775508165359497,0.9412510395050049
12,100,3.8655757904052734,0.9412322044372559
13,1,3.497576951980591,0.949177086353302
13,2,3.953427314758301,0.9341991543769836
13,3,3.308553695678711,0.9556108117103577
13,4,3.882234573364258,0.937397301197052
13,5,3.4293410778045654,0.9520571231842041
13,6,4.1100287437438965,0.9313297271728516
13,7,4.361581802368164,0.9222040176391602
13,8,3.7177200317382812,0.9418054223060608
13,9,4.132936477661133,0.9295603632926941
13,10,4.867939472198486,0.9049332737922668
13,11,4.322710990905762,0.9219441413879395
13,12,4.73661470413208,0.9082541465759277
13,13,4.251723766326904,0.9255685806274414
13,14,3.409022092819214,0.952907383441925
13,15,3.7737529277801514,0.9407875537872314
13,16,3.8849098682403564,0.9360349178314209
13,17,3.9994351863861084,0.933135986328125
13,18,3.9272797107696533,0.9378957748413086
13,19,4.0107808113098145,0.9343612790107727
13,20,4.702037811279297,0.9080626368522644
13,21,4.179574966430664,0.9299516677856445
13,22,3.6496493816375732,0.9447159171104431
13,23,4.267053127288818,0.9273001551628113
13,24,3.9644641876220703,0.9366623759269714
13,25,4.104827404022217,0.931448221206665
13,26,4.5483503341674805,0.9168978333473206
13,27,4.6227288246154785,0.9117936491966248
13,28,3.7328765392303467,0.9444026947021484
13,29,3.4689178466796875,0.9495522975921631
13,30,3.9898998737335205,0.9357518553733826
13,31,3.597357988357544,0.9482421875
13,32,4.10482931137085,0.9290568232536316
13,33,3.263016700744629,0.9578619003295898
13,34,3.4798262119293213,0.9509234428405762
13,35,4.465238094329834,0.9187777638435364
13,36,3.5513274669647217,0.947837769985199
13,37,3.5826499462127686,0.9457306861877441
13,38,3.6215407848358154,0.9461963772773743
13,39,3.413616895675659,0.9533559679985046
13,40,3.8218090534210205,0.9409236311912537
13,41,3.033494234085083,0.9624239802360535
13,42,4.773908615112305,0.9074169993400574
13,43,4.315414905548096,0.9243908524513245
13,44,3.7212483882904053,0.9423726201057434
13,45,4.103627681732178,0.9311730861663818
13,46,4.261007785797119,0.9270153641700745
13,47,3.58709716796875,0.9479165077209473
13,48,3.746758460998535,0.9428720474243164
13,49,3.5917842388153076,0.9493227005004883
13,50,3.5065758228302,0.9500081539154053
13,51,3.792621612548828,0.940462052822113
13,52,3.8198039531707764,0.940237283706665
13,53,4.382208347320557,0.9221495985984802
13,54,4.258303165435791,0.9220431447029114
13,55,3.291541337966919,0.9550779461860657
13,56,3.7312564849853516,0.9414973258972168
13,57,3.641866683959961,0.9452958703041077
13,58,4.326986312866211,0.9244620203971863
13,59,3.7703685760498047,0.9396712183952332
13,60,3.759221076965332,0.9409160614013672
13,61,4.242159366607666,0.9255433082580566
13,62,3.5937530994415283,0.9462684988975525
13,63,3.9024064540863037,0.9359255433082581
13,64,3.390850067138672,0.9547590613365173
13,65,4.755184650421143,0.908654510974884
13,66,3.4122135639190674,0.9546289443969727
13,67,4.474455833435059,0.9188485145568848
13,68,3.950538396835327,0.934868574142456
13,69,4.468817234039307,0.9244896769523621
13,70,4.0861124992370605,0.9301932454109192
13,71,3.885258674621582,0.9408995509147644
13,72,4.215335369110107,0.9292625784873962
13,73,4.8061699867248535,0.9043143391609192
13,74,4.078063488006592,0.9305731654167175
13,75,3.837315797805786,0.9397028088569641
13,76,4.20132303237915,0.9269755482673645
13,77,4.649760723114014,0.9103512763977051
13,78,5.182041645050049,0.8900933861732483
13,79,3.7414169311523438,0.9439476132392883
13,80,4.5744452476501465,0.91029292345047
13,81,4.215355396270752,0.9249871373176575
13,82,4.072206974029541,0.9332005381584167
13,83,3.734548568725586,0.9443120956420898
13,84,3.788472890853882,0.9413354992866516
13,85,3.9071738719940186,0.9364096522331238
13,86,4.442839622497559,0.9208137392997742
13,87,3.6161651611328125,0.94706130027771
13,88,3.8224589824676514,0.9395546913146973
13,89,4.216948509216309,0.9254193305969238
13,90,3.6658713817596436,0.9446156620979309
13,91,4.027069568634033,0.9331364631652832
13,92,4.074077129364014,0.9329738616943359
13,93,3.6473076343536377,0.9468356966972351
13,94,3.784742593765259,0.9405415654182434
13,95,4.484893321990967,0.9184625744819641
13,96,3.774089813232422,0.9422404766082764
13,97,3.367333173751831,0.9530758857727051
13,98,3.8876495361328125,0.9379834532737732
13,99,3.6354925632476807,0.9440458416938782
13,100,3.2361900806427,0.9602571129798889
14,1,4.304450511932373,0.9239184260368347
14,2,4.120258808135986,0.9299201965332031
14,3,3.0770187377929688,0.9621080756187439
14,4,3.8582189083099365,0.9379153847694397
14,5,3.4834587574005127,0.9508056044578552
14,6,3.4588615894317627,0.9508351683616638
14,7,4.709918975830078,0.9073984026908875
14,8,3.9597175121307373,0.9342681765556335
14,9,4.0410237312316895,0.9303689002990723
14,10,4.143971920013428,0.9338273406028748
14,11,4.329342842102051,0.9218320846557617
14,12,4.017791271209717,0.9326788783073425
14,13,3.5382187366485596,0.9474439024925232
14,14,3.567028760910034,0.9470922946929932
14,15,3.8166420459747314,0.938608705997467
14,16,4.3246026039123535,0.9232451319694519
14,17,3.8848369121551514,0.9363948702812195
14,18,3.4081714153289795,0.952700674533844
14,19,3.7012178897857666,0.941713809967041
14,20,4.04426908493042,0.9326795935630798
14,21,4.532011032104492,0.9165534377098083
14,22,3.6443521976470947,0.9442434906959534
14,23,4.7137274742126465,0.9101946353912354
14,24,3.7449848651885986,0.9436459541320801
14,25,4.142641544342041,0.928460419178009
14,26,4.029095649719238,0.9316368103027344
14,27,4.712642192840576,0.9081075191497803
14,28,4.395648956298828,0.9190558791160583
14,29,4.2259202003479,0.9296230673789978
14,30,3.7216289043426514,0.9420997500419617
14,31,4.666991233825684,0.912636935710907
14,32,4.373981475830078,0.9202490448951721
14,33,4.073572635650635,0.9307624697685242
14,34,3.9050559997558594,0.9387579560279846
14,35,4.262436389923096,0.9251017570495605
14,36,5.211330890655518,0.8906373381614685
14,37,5.411530017852783,0.8810637593269348
14,38,3.0748541355133057,0.9625561833381653
14,39,3.41616153717041,0.9515142440795898
14,40,4.378345966339111,0.9219662547111511
14,41,4.006594181060791,0.9353249669075012
14,42,4.092824935913086,0.9287099838256836
14,43,4.0054802894592285,0.9337992668151855
14,44,3.6018314361572266,0.9468993544578552
14,45,4.469483375549316,0.9170463681221008
14,46,4.543110370635986,0.9184462428092957
14,47,3.769155502319336,0.9399605393409729
14,48,3.438891649246216,0.9505274891853333
14,49,4.771816730499268,0.9095714688301086
14,50,4.9478631019592285,0.9016178250312805
14,51,3.557954788208008,0.9480816721916199
14,52,4.138507843017578,0.9270784258842468
14,53,4.949191570281982,0.9008745551109314
14,54,3.7112815380096436,0.9428378939628601
14,55,3.8042545318603516,0.9393693804740906
14,56,4.135904312133789,0.9304642081260681
14,57,3.869061231613159,0.9389784932136536
14,58,3.728429079055786,0.9423885345458984
14,59,3.9167869091033936,0.9348435997962952
14,60,3.6704227924346924,0.9430343508720398
14,61,4.2384867668151855,0.9232922196388245
14,62,4.408087253570557,0.9194665551185608
14,63,3.5297343730926514,0.9486934542655945
14,64,3.7455990314483643,0.9431034922599792
14,65,4.563976287841797,0.9141700863838196
14,66,4.455991744995117,0.9166321754455566
14,67,3.400700330734253,0.953115701675415
14,68,3.6887638568878174,0.9428170323371887
14,69,3.5901737213134766,0.9458041787147522
14,70,4.288999557495117,0.9215310215950012
14,71,5.42347526550293,0.8930873870849609
14,72,3.911550521850586,0.9366196990013123
14,73,4.3177266120910645,0.9231026768684387
14,74,3.9153106212615967,0.9377923011779785
14,75,3.8850486278533936,0.9378426671028137
14,76,3.2555835247039795,0.9561061859130859
14,77,4.440337657928467,0.9202943444252014
14,78,4.744909763336182,0.9125319123268127
14,79,3.9548263549804688,0.9384344220161438
14,80,4.314111232757568,0.9242419600486755
14,81,4.532985210418701,0.9180591702461243
14,82,4.083820343017578,0.9299675822257996
14,83,4.147057056427002,0.930164635181427
14,84,3.517751455307007,0.951483428478241
14,85,4.121702194213867,0.9293131828308105
14,86,3.359546661376953,0.9535531997680664
